title,score,id,url,comms_num,created,body
Bitcoin Hit 100k,52059,1h6ykx6,https://i.redd.it/jk2phdu8zx4e1.jpeg,3695,1733366063.0,
"Daily Discussion, December 06, 2024",11,1h7urby,https://www.reddit.com/r/Bitcoin/comments/1h7urby/daily_discussion_december_06_2024/,19,1733465004.0,"Please utilize this sticky thread for all general **Bitcoin** discussions! If you see posts on the front page or /r/Bitcoin/new which are better suited for this daily discussion thread, please help out by directing the OP to this thread instead. Thank you!

If you don't get an answer to your question, you can try phrasing it differently or commenting again tomorrow.

Please check the [previous discussion thread](https://www.reddit.com/r/Bitcoin/comments/1h73ix6/lightning_thursday_december_05_2024_explore_the/) for unanswered questions."
I went from broke to millionaire in 7 years on a middle-class income thanks to Bitcoin,5582,1h7ie4r,https://www.reddit.com/r/Bitcoin/comments/1h7ie4r/i_went_from_broke_to_millionaire_in_7_years_on_a/,464,1733429143.0,"I'm posting this anonymously for obvious reasons.

I shared my story here four years ago. If you are curious, you can find it. I've been involved with r/Bitcoin since the summer of 2017 when I first bought Bitcoin in the $2,000 range. I distinctly remember celebrating 250,000 subs here, and this subreddit has been a great educational and meme-motivational resource over that time.Â 

The Bull Market of 2017 was a wild ride. I experienced my first FOMO as the price went from $2,000 to $20,000. During that up-and-down cycle, I bought around one whole Bitcoin. I bought another full Bitcoin when it dropped to $4,000 in 2018. I felt satisfied with my 2 BTC, but my confidence waned so I didnâ€™t continue stacking over the next 2 years.Â 

In the spring of 2020, I sold my house, switched jobs, and suddenly found myself sitting on $30,000 in cash from the sale of my home and around 55k in a 401k. I watched as Bitcoin went from 4k to 7, 8, 9, 10, instead of going down to zero as the critics claimed. I decided to go â€œall-inâ€ with these funds so thatâ€™s what I did. I bought around 3 Bitcoin with the cash and the equivalent of just under 5 BTC in GBTC in a new 401k. This brought me to just under 10 Bitcoin split between private custody and a 401k.Â 

I watched history repeat itself in the fall of 2020, but this time, I had some real exposure to better gains. I watched as my life savings went from around $100,000 to over $600,000 at the top of the cycle in early 2021. Then, I watched as my roughly $600,000 returned to around $170,000 during the bottom of the bear market in 2022. That was tough to witness, but I looked at it and said â€œIâ€™m still up from where I started.â€ Once you get past a certain amount of savings, the big swings hit differently. Even during the bear market, I knew I still had at least a 1-year emergency fund, which comforted me.Fast-forward to a short while ago when Bitcoin hit 92k. I soon realized that with the equity in our home and my exposure to BTC, my wife and I were finally millionaires. Weâ€™re still driving the same beater cars to work. I rarely sell our BTC, but when I do, I try to buy things/ experiences that will improve the quality of life for my family, and Iâ€™m quick to replace what I sold.   
  
I make a middle-class income so I donâ€™t often need to sell for the things I want/ need. Whenever I see a used car, 4-wheeler, boat, or new home Iâ€™m tempted to buy, I think to myself â€œIâ€™d rather have Bitcoin.â€ The peace of mind it offers far outweighs the benefits of more junk. I used to tell myself Iâ€™d pay off my mortgage using proceeds from Bitcoin, but my mortgage is only about 9% of my take-home pay, and the interest rate is lower than inflation. I believe we will see 250k-280k by the end of next year, and the cycle will start again.   
  
One downside to having such a nice safety net is that work has become very tedious. I have very little motivation to put in the extra time or to go â€œabove and beyond.â€ I do my job, I do it well, I make money for my employer, but Iâ€™m not pushing for more like I would if I were still broke. Iâ€™ll post again in four more years with an update. Iâ€™m hoping to retire by 2030-2034. Stay safe out there, and only invest in Bitcoin what youâ€™re willing to keep!"
The Bitcoin $100 and Bitcoin $100K side by side video is insane,34073,1h7a4vn,https://v.redd.it/oj1m38vdg15e1,670,1733408172.0,
"I got scammed for ~11k, here's what happened",184,1h7xhx2,https://www.reddit.com/r/Bitcoin/comments/1h7xhx2/i_got_scammed_for_11k_heres_what_happened/,79,1733476702.0,"A very unfortunate thing happened yesterday and I made one huge mistake that cost me about 11.3k$. 
I like to think I'm smart and cautious, but yesterday a group of scammers got me and I feel very stupid. This is the story so others don't make the same mistakes.

I use binance as my main exchange but have most of my crypto on a cold wallet. I used to log into binance using 2 factor authentication and a security code I got via SMS every time. From the same short message channel, I got a message that there was a login attempt from egypt (I'm not from egypt). I typically get messages like that when I log into a new laptop, but this time there was a phone number included. The history of messages in the message channel goes back 3 years and includes login verification codes, deposit confirmarion, etc.  and for some reasom I trusted it. There was a support number in the message in case the login was not from oneself and since I'm not from egypt I decided to act and called the support number. There was a voice memo asking whether I am a Binance user or not. I confirmed and was connected to a guy with a british accent (fuck you). He asked me for the reference number in the message and explained that my account has been compromised and that I must follow him step by step to protect my funds so that they are safe and covered by insurance. In hindsight I know how stupid this all sounds, but I was in holiday at a metro station when all of this happened and was heavily distracted. They got me in the perfect moment. So this guy was very sophisticated and polite and made me trust him. He said things like ""This is usually the time when we expect hacks like this when prices are high"" and that ""I'm not the only one"" and that we must protect the funds. He wanted me to install trustwallet and send the funds there and said this is standard protocol and only when I do it will my asstes be covered by insurance. I grew skeptical, but for whatever reason I went along. While following his instructions I ran into some problems with the binance app and the guy connected me to another guy who actually helped me with it. This second guy then told me to setup trustwallet, which I had already because I used it for a while, and told me I must send the funds there. However, here comes the part where I make a decisive, huge and very easily identifiable mistake. He wanted me to set up a new wallet using a seed phrase that he sent me via the original, legit binance text message channel. He claimed this is standard protocol and only this way can my funds be covered by insurance. Both scammers were really good at talking, gave a sense of safety and were very polite (fuck them). And thats when I fucked up. I sent the funds (11.3k) to the wallet that I just setup using the scammers seed and immediately it was withdrawn. Obviously. I realized immediately what just happened, felt like an absolute idiot and contacted real binance support and my local police department. Police is tracking my funds as we speak and will try to freeze them on an exchange, but I have little hope. 
Obvisouly I feel very stupid and ashamed that I fell for such an obvious scam, but it showed me that its easy to fall for them, especially when caught in a vulnerable situation like on a busy metro while you're on holiday. Only good thing is I have most of my crypto still in a cold wallet which is safe, but I lost over 11k in profits. So please don't make the same mistakes I made and keep your crypto on a cold wallet and trust no one. I defenitely learned my lesson. After 4+ years of being in crypto, I cannot believe I fell for this. But I did. The scammers got me and I gotta accept it and learn from it. Please don't hate on me, I know how stupid it was and obviously I'm already frustrated. In case the police does the impossible and recovers my funds, I will post an update. But I don't have any hopes tbh. "
"""I will be buying a billion dollars of Bitcoin a day at $1,000,000 per coin."" -Michael Saylor",618,1h7pwnz,https://v.redd.it/nnvtulxcu45e1,40,1733449194.0,
The 100k Rollercoaster,1081,1h7ktsy,https://i.redd.it/j5g54llxo35e1.jpeg,49,1733435237.0,
What did I miss?,1375,1h7iz1p,https://i.redd.it/vzh3bve3b35e1.jpeg,53,1733430596.0,
WHO CHECKED OUT THE SALE!!??,735,1h7m38p,https://i.redd.it/ullgw22qy35e1.jpeg,99,1733438530.0,
Right on the mark!,6701,1h76m6j,https://i.redd.it/u2cxhp89h05e1.jpeg,190,1733396334.0,
Bitcoin ded?,608,1h7mex7,https://i.redd.it/byfhydm8145e1.jpeg,43,1733439375.0,Well everyone it was fun while it lasted! RIP ğŸ˜­
People are worried that they canâ€™t buy daily stuff with a Bitcoin being $100k smh,1490,1h7eg4j,https://i.redd.it/nlemoistd25e1.jpeg,579,1733419399.0,"Look at the number of upvotes lmao! Read comments too, if you want a good laugh.

Link in comment."
I was permanently banned because of my comment. ,165,1h7sb5f,https://i.redd.it/tqv1klycg55e1.jpeg,60,1733456567.0,Woof!  What a circlejoke of a sub
Reminder that if you are scared of buying after seeing bitcoin drop below 100K you have learnt nothing. ,156,1h7sdj4,https://www.reddit.com/r/Bitcoin/comments/1h7sdj4/reminder_that_if_you_are_scared_of_buying_after/,61,1733456776.0,"This is the second opportunity to be one of the few to have bought before 100K. If you missed out on 20K, 40K, 60K and so on, this is why you miss out everytime. Because you still dont understand. "
$99K and 11 years later. This is how legends are made.,2968,1h77dd2,https://v.redd.it/c4qog1kyp05e1,118,1733399267.0,
15 years of seething,1047,1h7czy9,https://i.redd.it/479334sx225e1.png,75,1733415794.0,
The tale of 24 hours... ,425,1h7iyg9,https://i.redd.it/t2g14owya35e1.jpeg,16,1733430553.0,
"I made this username over 6 years ago, and today @ $100K is my day!",9687,1h6z0g7,https://www.reddit.com/r/Bitcoin/comments/1h6z0g7/i_made_this_username_over_6_years_ago_and_today/,422,1733367317.0,"Next step, 1M and username BTC-1M is secured and ready to post this again in another 6 years!"
For old times sake,300,1h7iyuy,https://i.redd.it/69l6rcxya35e1.gif,7,1733430581.0,
My (banker) dadâ€™s advice in 2013 :(,79,1h7rldf,https://i.redd.it/modxdh2t955e1.jpeg,18,1733454364.0,
$100K,8406,1h6ynr8,https://i.redd.it/vtab9kjxzx4e1.jpeg,607,1733366294.0,
Lets not forget who got us here: thank you Hal Finney!,2985,1h73g56,https://i.redd.it/03ude38nbz4e1.jpeg,103,1733382341.0,"
Hal Finney was the first person to download the Bitcoin software, the first person to suggest code fixes to Satoshi Nakamoto and the first peer to trustlessly receive a transaction â€“ all before BTC had a quotable price.

Finney was tragically diagnosed with ALS in August 2009, seven months after he and Satoshi started working on Bitcoin together. ALS is a fatal disease that attacks the central nervous system and finally causes paralysis.

Finney maintained his positive outlook and good spirits despite the sluggish development of his task. â€œSince weâ€™re all rich with Bitcoins, or we will be once theyâ€™re worth a million dollars like everyone expects, we ought to put some of this unearned wealth to good use,â€ he said in a post on the Bitcointalk site.

""My dream is to contribute to open source software projects even from within an immobile body. That will be a life very much worth living.""

**Modesty is THE hallmark of a legend.**
Truly missed...

Fun fact: In 2009 Hal Finney predicted $10M per Bitcoin. [He divided the world's wealth by 20 million and NOT 21 million](https://np.reddit.com/r/Bitcoin/s/L71ePyfHbg). Did Hal imply that Satoshi would never spend his coins?"
Hodl on fam,169,1h7lmq0,https://v.redd.it/vq7drve4v35e1,11,1733437322.0,
Would you take $100 or $100 of Bitcoin?,154,1h7m0ly,https://i.redd.it/2ur1rxo5y35e1.png,29,1733438339.0,ooff! ğŸ¤Œ
Happy belated 100K!!,63,1h7r80l,https://i.redd.it/18xi4aqe655e1.jpeg,1,1733453222.0,"Had to celebrate! Excuse the improvised letter ""K"""
Normies coming to invest in Bitcoin after reading about 100k in the news,1007,1h76sla,https://v.redd.it/xvcw7nhaj05e1,68,1733397020.0,
â€œPeople who use fiat currency as a store of value? We call them poor.â€ - Michael Saylor,73,1h7piqu,https://www.reddit.com/r/Bitcoin/comments/1h7piqu/people_who_use_fiat_currency_as_a_store_of_value/,10,1733448025.0,"If you save in fiat, you can expect to be poor for the rest of your life. Wealthy people know this. That's why they own mostly stocks and commodities. One thousand dollars 100 years ago had the purchasing power of $37,000. Your great-grandma's life savings will barely pay your rent today. Ridiculous. These are not my opinions; these are cold, hard facts. People are incentivized not to save because the value of the US dollar has decreased by 97 percent since 1971! But there is another way to protect your purchasing power over the long term: Bitcoin. "
Bought bitcoin for the first time. ,439,1h7bgkv,https://i.redd.it/cyu74kjar15e1.jpeg,70,1733411816.0,"Never really gave bitcoin much thought, bought bitcoin for the first time. Iâ€™m going to put in a small amount of money each month and forget about it like my regular monthly savings in fiat and stocks. Maybe Iâ€™m stupid for starting this late but I thought Iâ€™d like to give it a try and be patient with it for a few years. Iâ€™m new to the scene, so hello :) "
Buttcoiner sub right now,3596,1h6zxbp,https://i.redd.it/yfhmifn3by4e1.jpeg,327,1733370051.0,Imagine
It was inevitable ,4194,1h6yu4q,https://i.redd.it/iem5tgzd1y4e1.jpeg,131,1733366802.0,
"$100,000 BTC ",20,1h7wckr,https://v.redd.it/2uc4k2wjo65e1,4,1733471481.0,"This was posted in December 2020. I was told to post it when BTC hit $100k. Congratulations to all the hodlers. Next stop, $1,000,000. "
What a Legend ,468,1h78pf9,https://v.redd.it/1r3br6yj315e1,20,1733403858.0,
I learned something about Bitcoin today and I think it's a good topic.,24,1h7tmzh,https://www.reddit.com/r/Bitcoin/comments/1h7tmzh/i_learned_something_about_bitcoin_today_and_i/,25,1733461041.0,"SATS....Yes SATS.

Since Bitcoin went over $100,000 yesterday, I was hanging out with a few of my friends and I asked them why they're still not interested in getting in to the whole crypto thing.....but mainly BITCOIN.

They all looked at me and they said how do you expect us to afford $100,000? I said what? They said yeah now that it's $100,000 we can't afford to get in???

I looked at them and I realized that they can't be the only ones that don't understand that you can still get in by buying SATS a little at a time to accumulate. 

Too Much hype is based on the whole coin price, we need to start talking about SATS to people so they understand better and it's not too late for them to join the revolution."
Bitcoin after hitting 120k,15,1h7vkw0,https://v.redd.it/o7v6cedxe65e1,0,1733468193.0,
Not much but I deiced to invest in some Bitcoin today :>,16,1h7u06z,https://i.redd.it/oaqe9k3ax55e1.jpeg,25,1733462257.0,
Congratulations Everyone ğŸŠğŸ‰ğŸ¾ğŸ‘ğŸ»ğŸ˜‚ğŸ˜ ,2278,1h6z48k,https://v.redd.it/9o42nntv3y4e1,65,1733367630.0,
What are the odds,191,1h7clp3,https://i.redd.it/zqg02aj1025e1.png,45,1733414774.0,
You'll be fine. Sit on your hands. ,69,1h7jra9,https://i.redd.it/xlvwcfbzg35e1.jpeg,3,1733432562.0,
"Was too skeptical to go heavy on 18k, but after seeing the 100k I'm sold, Bitcoin is the future!",6,1h7z13h,https://www.reddit.com/gallery/1h7z13h,0,1733483412.0,
Good Morning ğŸŒ,312,1h788qe,https://v.redd.it/33y40at2z05e1,12,1733402346.0,
"It now takes 39 ounces of gold to buy one Bitcoin, a new all-time high",91,1h7gpq1,https://i.redd.it/v21qclxau25e1.png,3,1733424959.0,
"I sure had a good night sleep, did i miss anything?",5,1h7yqkw,https://i.redd.it/f4j299ujk75e1.jpeg,0,1733482231.0,
$100K!,1941,1h6ymwr,https://i.redd.it/s5jscefqzx4e1.jpeg,43,1733366227.0,
Jack Mallers announces Bill Pay with Bitcoin via Strike ,19,1h7sfdk,https://m.youtube.com/watch?v=YXlEEv27wPI,4,1733456933.0,
"We're not at $100k, we are at $0.1M. It's different ğŸ˜‰",746,1h73vws,https://www.reddit.com/r/Bitcoin/comments/1h73vws/were_not_at_100k_we_are_at_01m_its_different/,59,1733384204.0,"We have just started to walk the road to $1M. No matter how long it will take us: 3 years? 5 years? 10 years? We can't tell, but the important thing to know is it's not an IF, it's a WHEN. Also with such large numbers, it makes more sense now to start pricing things in terms of satoshi than btc."
It's over $100K!!!,1940,1h6ylb7,https://i.redd.it/074s874czx4e1.jpeg,77,1733366096.0,
We did it!,87,1h7gbol,https://www.reddit.com/r/Bitcoin/comments/1h7gbol/we_did_it/,27,1733424000.0,"I just wanted to share with the boys a story of happiness. Sold most of my stack at 100k! Planning on buying me a house now. 
Not having to worry about paying off a loan feels amazing. Not having to run this insane rat race is the most precious gift I couldâ€™ve never imagined at the start of it all.
I know some of you will probably say I shouldâ€™ve never sold. I see no harm in taking profit at this point. Itâ€™s not like Iâ€™m planning to exchange for broken dollars, but for actual bricks and and a roof. 

I kept a little over a coin. The little, you never know when you ever gonna need some fuck you money right. The whole, Iâ€™m not ever selling. I believe one day there will be no need to exchange it. So the price of it in fiat is irrelevant to me. 

Keep stacking friends, big love to this amazing community <3"
WE DID IT 100k!!,1599,1h6yl8w,https://www.reddit.com/r/Bitcoin/comments/1h6yl8w/we_did_it_100k/,56,1733366089.0,"https://preview.redd.it/2wttvls9zx4e1.png?width=1720&format=png&auto=webp&s=e85c75dfb73e3987990aba3097f393aad535f585

YESSSSSSSSS

Time to pop the bottle of WINE EVERYONE!!!!"
"100,000.00",58,1h7jf6w,https://v.redd.it/lf342yqge35e1,0,1733431722.0,
For old times sake,1377,1h6zewt,https://i.redd.it/8cqa33dg6y4e1.gif,31,1733368489.0,
Just wanted to say how meaningful Bitcoin hitting 100k was to me.,15,1h7s7gd,https://www.reddit.com/r/Bitcoin/comments/1h7s7gd/just_wanted_to_say_how_meaningful_bitcoin_hitting/,2,1733456233.0,"I'll keep this short and sweet since I know nobody is gonna read this anyways, or it'll get removed, but id like to say that Bitcoin hitting 100k is proof that with patience, results will show. I was sitting in juvie in 2018 taking a financial statistics/algebra class and we got on the topic about crypto because at the time it was still a topic that a lot of the world was still getting familiar with. I remember we talked for days about Bitcoin and predicted where the value would end up in certain time frames. I remember the teacher told us that Bitcoin was supposedly going to hit 100k at the end of 2018, well needless to say that was wrong. But I had to have the last word. Just before I was released from juvie the teacher that talked about Bitcoin with us came and spoke to me about how to get a head start on life when I get out. And the right investments to make. And just before he left I said these exact words ""crypto will be the most disappointing short term investment I make. But since I'm a gambler I'll betchu anything that in 6 years it'll finally hit that 100k mark"" I had always believed that me and the number 6 was lucky and indeed it has been so far. Since being released from juvie I've made a ROI of just about 1088% and blessed to be a better man."
"Noone can stop Bitcoin, is unpredictable",782,1h72biz,https://i.redd.it/jvoeqt8jyy4e1.jpeg,48,1733377931.0,
There are 0.0024 BTC per person.,16,1h7s2b7,https://www.reddit.com/r/Bitcoin/comments/1h7s2b7/there_are_00024_btc_per_person/,18,1733455779.0,Do you own more than your allocation?
Please don't gloat today.,129,1h7apxv,https://www.reddit.com/r/Bitcoin/comments/1h7apxv/please_dont_gloat_today/,40,1733409824.0,"And don't swarm other subreddits just to tell skeptics ""stay poor lol"". If you're going to engage with a group that doesn't understand bitcoins value proposition either kindly try to educate them, or STFU. Running around Reddit and gloating is childish and only serves to confirm bias."
"ğŸ‡ºğŸ‡¸ US President-elect just posted ""CONGRATULATIONS BITCOINERS!!! $100,000!!!""",166,1h79e6h,https://i.redd.it/m0qv1v40a15e1.jpeg,0,1733406007.0,
Still time right?,12,1h7sltv,https://v.redd.it/1h7equ44j55e1,2,1733457511.0,
Get Bitcoin Wallet Details Using Bitquery API,3,1h7xfuu,https://www.reddit.com/r/Bitcoin/comments/1h7xfuu/get_bitcoin_wallet_details_using_bitquery_api/,0,1733476437.0,"Hey guys, checkout the new video by Bitquery explaining their GraphQL API to get Address stats like balance, inflows and outflows - [https://youtu.be/Q4GqYO9aFfg](https://youtu.be/Q4GqYO9aFfg) . Also, tell if you would like to see anything similar or related to any other data point for Bitcoin. Feel free to try out the product - [https://ide.bitquery.io/](https://ide.bitquery.io/) . Documentation at - [https://docs.bitquery.io/v1/docs/category/bitcoin-examples](https://docs.bitquery.io/v1/docs/category/bitcoin-examples)"
Oldest bitcoin software.,12,1h7s84b,https://i.redd.it/hbl5fbqjf55e1.png,0,1733456295.0,
Bears watching Bitcoin hit 100k,25,1h7m0we,https://v.redd.it/stmlpqulx35e1,4,1733438360.0,
"The Perfect 100,000",1082,1h6ylfg,https://i.redd.it/807gpxgdzx4e1.jpeg,19,1733366106.0,
Forget $100k. Bitcoin just broke the 2021 high versus Gold.,778,1h70khb,https://i.redd.it/6a8w7v92hy4e1.jpeg,52,1733372057.0,
Every bitcoiner in the world today ,113,1h7aipo,https://i.redd.it/rrcba3tnj15e1.jpeg,4,1733409250.0,Mr Rogerâ€™s woulda holdâ€™d
The miners have emerged from the depths bearing 100K BTC,973,1h6yv0e,https://i.redd.it/tin8mu4n1y4e1.gif,23,1733366873.0,
BTC is coming for EU,195,1h76pid,https://i.redd.it/6kf7e1u6i05e1.jpeg,10,1733396674.0,
"""In a world where Bitcoin keeps increasing in value, no-one is going to spend it"" - yes they will. Let me explain why.",62,1h7enna,https://www.reddit.com/r/Bitcoin/comments/1h7enna/in_a_world_where_bitcoin_keeps_increasing_in/,61,1733419909.0,"**For those new to Bitcoin:**

# Have you ever wondered why your parents could buy a house and a car on one salary, but today we're all grinding just to keep up? 

Spoiler alert: it's not because stuff is actually getting more expensiveâ€”it's because our money is broken. 

Bitcoin fixes this.

**The Illusion of Expensive Stuff**

Technology is making everything more efficient. Think about it: producing goods is cheaper and faster than ever before. The natural order should be that pricesÂ *drop*Â over time. But thanks to money printing and inflation, we're stuck in a world where pricesÂ *seem*Â to rise. It's like running on a treadmill that's speeding upâ€”you have to work harder just to stay in the same place.

**Bitcoin Flips the Script**

Bitcoin is deflationary by design. There's a capped supply, so it can't be devalued by printing more. When Bitcoin underpins the economy, it aligns with the natural orderâ€”stuff gets cheaper over time because your money holds its value (or even appreciates). That's not (only) because bitcoin is ""increasing in value"", rather, Bitcoin represents the true order of things. When our protocol for ""value"" is not expanding; you notice how the world is actually prosperous. Less ""stuff"" automatically funnels to the richest class just because they hold ""stuff"" (equities, homes, etc.) already.

**Housing: From Asset to Shelter**

For instance; have you ever thought about why houses are so expensive? It's not *just* demand; it's because people use real estate as a store of value to hedge against inflation. With Bitcoin as a reliable store of value, there's less incentive to park wealth in houses. This couldÂ *demonetize*Â housing, stripping away the investment premium and making homes more affordable for everyone.

**Better Savings for All**

When your money appreciates over time, saving becomes rewardingâ€”not just for the rich but for everyone. You don't need complex investment strategies to preserve wealth. This encourages responsible spending and reduces unnecessary consumption driven by the fear of money losing value.

**Global Settlement and Fair Play**

Bitcoin as the default value-storing unit levels the playing field. International settlements become straightforward, transparent, and fair. No more currency manipulations or unfair advantages. Everyone operates with the same rules, benefiting global trade and cooperation.

**But Won't People Stop Spending?**

Not really. People still need to live, enjoy experiences, and buy stuff. I just bought a car half a year ago, for instance, knowing full and well that that money would have appreciated had I put it in Bitcoinâ€”or stocksâ€” instead. The key is that spending becomes more intentional. Instead of splurging because money is losing value, purchases are made based on actual need and desire. Plus, an appreciating currency doesn't halt spendingâ€”it just curbs wasteful consumption. In most cases, this is actually good for our planet as well.

So, in a nutshell: Bitcoin realigns the economy with the natural progression of technology and efficiency. Prices should fall; therefore savings should grow, and everyone gets a fair shot at prosperity. Whether you're born in Manhattan or Zanzibar.

Personally, I'm ready for a world where my money worksÂ *for* me, and not against me.

* Suggested reading: Jeff Booth - The Price of Tomorrow"
Market closed?,20,1h7nesv,https://i.redd.it/cu2ocm69945e1.jpeg,1,1733442077.0,
Here we go again,2760,1h6qafn,https://i.redd.it/9r10pxu56w4e1.jpeg,152,1733344178.0,
I bought the dip!,32,1h7jmzj,https://i.redd.it/5nz5ux44g35e1.jpeg,2,1733432271.0,...the dip being below $100k!  What a time to be alive!
Tired of sitting on the sidelines,7,1h7sba1,https://www.reddit.com/r/Bitcoin/comments/1h7sba1/tired_of_sitting_on_the_sidelines/,4,1733456577.0,"I watched Bitcoin hit over $60k during Covid. I remember talking to my brother about bitcoin eventually being worth over $1M but I was justifying it as crazy in my head. Then I watched it fall to less than $20k and talked myself out of it again because it was clearly not stable(justifying it to myself). Today I setup a twice a month reoccurring transfer with Coinbase to buy.

Itâ€™s not much, but itâ€™s better to start now instead of later. Learning a lot going through this sub. Cheers to you all and good luck.

Edit: fixed a typo because Iâ€™m an idiot."
BTC story,591,1h70ocn,https://i.redd.it/nly9ziq3iy4e1.jpeg,16,1733372408.0,
Bitcoin ,21,1h7l9jb,https://v.redd.it/t2bui4fas35e1,0,1733436368.0,
BTC $100K meme,62,1h7d3z3,https://i.redd.it/0dhl67ay325e1.jpeg,2,1733416085.0,
Bitcoin on my local news,17,1h7n4fv,https://i.redd.it/zc81u0xy645e1.jpeg,5,1733441303.0,"The word about bitcoin is really starting to spread like wildfire. I hear about it everywhere now, even on my local news channels! Letâ€™s goo! ğŸ™Œ"
"100,000...Bitcoin Rat returns to the Fed ",885,1h6yu1m,https://i.redd.it/ooqqnsqd1y4e1.jpeg,6,1733366793.0,
It's been a rough ride but we finally made it ğŸ‰,127,1h77uvo,https://i.redd.it/efgzsm76v05e1.gif,6,1733401016.0,
"Halving spiral looking great, as aways. ",188,1h75wq9,https://i.redd.it/eg5zpve5805e1.jpeg,37,1733393272.0,
you know somethingâ€™s going on when people you would have never thought start mentioning crypto,49,1h7eaye,https://i.redd.it/f3xt9xxqc25e1.jpeg,3,1733419032.0,
"Samara Asset Group's NAV per share hits â‚¬2.69 as Bitcoin crosses $100,000",2,1h7ym2f,https://www.samara-ag.com/market-insights/samara-asset-groups-net-asset-value-per-share-reaches-eu2-69-as-bitcoin-crosses-100-000-for-the-first-time,0,1733481684.0,
What a time to be alive ,27,1h7irqm,https://i.redd.it/lrkhp7sk935e1.jpeg,3,1733430072.0,
US is 36 Trillion in debt.,1642,1h6sggx,https://i.redd.it/n4vp6i9zlw4e1.jpeg,139,1733349495.0,7 Trillion is owed to itself ğŸ¥´
Bitcoin 10 years later,6,1h7ryt7,https://www.reddit.com/r/Bitcoin/comments/1h7ryt7/bitcoin_10_years_later/,1,1733455465.0,"anyone here a 10+ year holder of Bitcoin?
I remember buying it for literally like $100 or so a btc , would have to check my coinbase history.
Funny how itâ€™s come this far, it used to be what the underground did to take payments, I come from Latin America and that was what everyone shifted to rather than Western Union or Money Gram. Bought $700 worth about 5 months after hearing about it being used for payments and now it grew to almost 100K a piece. 
Glad to see it being accepted, for years BTC was black market , now it is the market.
Enjoy brothers, I will never brag just a dummy that bought it and held 5.5 in coinbase and waiting to sell these, I still remember it hitting 5K and was laughing at how far it came, almost sold in 2019 and held off. Still donâ€™t even know how to use it well, I guess itâ€™s just an investment anymore rather than buying things with it in a hidden fashion."
Bitcoin 100K party glasses [3D-printed],2,1h7wb2x,https://www.reddit.com/r/Bitcoin/comments/1h7wb2x/bitcoin_100k_party_glasses_3dprinted/,0,1733471295.0,"https://preview.redd.it/h01a1oz4o65e1.jpg?width=4032&format=pjpg&auto=webp&s=ebd29d22409ca9cd11393b1c11d4cf6a6ecd8763

[https://makerworld.com/en/models/853389#profileId-802009](https://makerworld.com/en/models/853389#profileId-802009)"
Oh NOOO!,10,1h7nzph,https://www.reddit.com/r/Bitcoin/comments/1h7nzph/oh_nooo/,2,1733443645.0,"We haven't seen LOWS LIKE THIS since YESTERDAY. 

ITS DEAD. PONZI SCHEME. SEND BITCOIN TO ME.  ILL TAKE THE HIT. "
Bit coin,23,1h7j270,https://i.redd.it/63mtuzfsb35e1.jpeg,6,1733430816.0,Dad had to pull a dad joke.
Refractory Period ,7,1h7rewy,https://v.redd.it/ntb8bax3855e1,0,1733453818.0,Still in the bliss zone. 
From a crowd of 20 to a crowd of 106 millions. A baby is born crying out for attention.,9,1h7qjzn,https://v.redd.it/fs2dkp20055e1,1,1733451159.0,
When is the right time to start measuring Bitcoin in SATS?,14,1h7lqzj,https://www.reddit.com/r/Bitcoin/comments/1h7lqzj/when_is_the_right_time_to_start_measuring_bitcoin/,15,1733437640.0,"Now that we breached $100K mark and 1 full btc being out of reach for most people, wouldn't it make sense to start measuring Bitcoin in 100 Mil SATS so people can be proud of owning 10,000 SATS or Million SATS, etc., 

This will also make it easy for people to be comfortable to see BTC at $1Mil+.

At what stage do we normalize measuring BTC in SATS."
Hawk Tuah Coiners,7,1h7ritq,https://www.reddit.com/r/Bitcoin/comments/1h7ritq/hawk_tuah_coiners/,2,1733454141.0,"Warning: Many buttcoiners are just butthurt shitcoiners. Last time I engaged with a buttcoiner I looked up their history and sure enough, they got rugpulled by some shitcoin 4 years ago. Now that a fresh batch of regards have been rugpulled by hawktuah coin, I expect a fresh wave of regardation. Remember to point and laugh at them. Keep stacking sats, friends."
"Today, El Salvador sits on $326,000,000 profit on its Bitcoin investment ğŸ”¥ğŸ¥³ğŸ‰",76,1h78zbd,https://i.redd.it/bx5n37s3615e1.png,8,1733404727.0,
"The Dollar is worth-less, year by year. People if you are new to bitcoin or crypto, you need to understand this concept!",2,1h7x6ur,https://www.reddit.com/r/Bitcoin/comments/1h7x6ur/the_dollar_is_worthless_year_by_year_people_if/,4,1733475317.0,"I have a few videos to help wrap your mind around the problem, as well as why bitcoin is the solution. You need to educate yourself or else you will think Bitcoin should be treated like a stock, hint it shouldnâ€™t. Education is the key, and I have compiled it for you guys!

Quick clip: [https://youtube.com/shorts/03CQ34KDaxk?si=T8ZeD5xWIKcYo2G9](https://youtube.com/shorts/03CQ34KDaxk?si=T8ZeD5xWIKcYo2G9)

â€”â€”â€”â€”â€”â€”-

For anyone looking for better understanding (even the veterans)

Want to better understand Bitcoin? Read on.

Bitcoin isnâ€™t an investment. Itâ€™s the hardest form of money we as a species have ever had access to (hardness refers to how suitable or viable it is as money).

I have compiled a shortlist of videos to help aid your understanding. The 2nd video is the real gem in this list and itâ€™s the clip that mostly gives you foundational base of knowledge in this space. It teaches you key concepts about money. Once these concepts are understood, you can look at Bitcoin & the US dollar and fully understand what makes bitcoin â€œmoneyâ€, and the US dollar (a fiat currency).. and the implications of both.

Start here:

**Quick Primer**: Bitcoin can change the world, because the world canâ€™t change Bitcoin [https://www.reddit.com/r/Bitcoin/s/GpFl2dM9aq](https://www.reddit.com/r/Bitcoin/s/GpFl2dM9aq)

**Understanding Bitcoin**  
*Clip 1*: What bitcoin is, the problem it fixes, and why its the solutionÂ   
[https://youtu.be/pBmK3pI7uKw?si=n59JkGuJ\_gP\_dEd5](https://youtu.be/pBmK3pI7uKw?si=n59JkGuJ_gP_dEd5)

**Understanding Money**  
*Clip 2*: The difference between â€œCurrencyâ€ & â€œMoneyâ€.. What is sound money, and why gold (and now bitcoin) fits this description (This series was originally made in 2010, before bitcoin was well known). Feel free to watch all 10 videos in the series in your spare time, but if you do anything, at least watch the 1st vid in the series. (This might be the most important video here)Â   
[https://youtu.be/DyV0OfU3-FU?si=OqJ93-gHpcQjsvRH](https://youtu.be/DyV0OfU3-FU?si=OqJ93-gHpcQjsvRH)

**The Strategy to gain wealth indefinitely**  
*Clip 3*: Why you never need to sell bitcoin.Â   
[https://youtu.be/ELov-pumN0A?si=z0xftv1QsSKE8R66&t=373](https://youtu.be/ELov-pumN0A?si=z0xftv1QsSKE8R66&t=373)

**Where printing money is headed**  
*Clip 4*: Inflation & hyper inflation - the end result of the use of Fiat currencyÂ   
[https://www.youtube.com/watch?v=iNNUVEfoNmE](https://www.youtube.com/watch?v=iNNUVEfoNmE)

Thereâ€™s a lot of information here, and thereâ€™s so much more out there that can be learned of course. However, when you come out the other side of this information, you will have a solid foundation. This is the type of thing that puts you ahead of most people in the market as most people donâ€™t understand these concepts. MOST people will never learn these things, and they will fall victim to the effects of flawed monetary systems. I hope this information finds you well."
How do you sell?,2,1h7x5jm,https://www.reddit.com/r/Bitcoin/comments/1h7x5jm/how_do_you_sell/,2,1733475140.0,"Iâ€™ve only ever bought and sold small numbers and heard scary stories of people who had their fiat locked up at kraken, Coinbase and other exchanges for a variety of reasons after making big sells. 

But if you had like 2-3 coins and wanted to sell that right now, do you go about it the same way as if you sold 0.15? Transfer it from wallet to exchange m, sell it for fiat and the withdrawal to you private bank account? Itâ€™s too little for advanced schemes, but definitely not pocket change anymore so this got me thinking about the problem. 

Wont a transaction of several $100k set off a bunch of money laundering alarms and taxation rules youâ€™ll die trying to admin your way out of?"
Saving the cork I popped of champaign as it breached 100K today! GZ All!,486,1h6z2p6,https://i.redd.it/lsz4jp0d3y4e1.jpeg,35,1733367505.0,
Bitcoin had its day!,8,1h7ofvl,https://i.redd.it/zevpv9hoh45e1.png,1,1733444918.0,
First Buy,20,1h7hzto,https://i.redd.it/hdk5cfpw335e1.jpeg,17,1733428166.0,"Whoâ€™s gonna carry the floor ? Iâ€™m done saying I wish. Donâ€™t want my kids to hate me, time to DCA. Congrats to the OGs. "
Me reacting to Bitcoin breaking $100k in 2024,288,1h71xyg,https://www.youtube.com/watch?v=YiwDUoDtjeE,26,1733376593.0,
"Former US Treasury Secretary Larry Summers calls the idea of a national Bitcoin reserve ""crazy.""",3,1h7uyby,https://v.redd.it/799bzwgk765e1,7,1733465731.0,
I have recorded 100 000! And it was beautiful!,477,1h6yrhd,https://v.redd.it/l75h8eis0y4e1,40,1733366591.0,
Just another day for us ğŸ¦˜,22,1h7gxjb,https://i.redd.it/9lrj7smwv25e1.jpeg,18,1733425476.0,
My first Bitcoin purchase 11 years ago!,36,1h7e0xv,https://i.redd.it/husjje7ha25e1.jpeg,8,1733418344.0,
TUULETAR - Ievan polkka (Loituma COVER),19,1h7jlsh,https://v.redd.it/lilmo1rpf35e1,5,1733432191.0,
